src,dst,day,n_tx,sum_kzt,min_kzt,max_kzt,near_threshold,pair_split_days
100000004269433100,100000008418835100,2026-07-12,11,225000.0,8000.0,45000.0,3,9
100000004269433100,100000008418835100,2026-07-14,9,120000.0,8000.0,24000.0,3,9
100000004269433100,100000008418835100,2026-07-16,9,146000.0,5000.0,39000.0,4,9
100000004269433100,100000008418835100,2026-07-09,8,198000.0,13000.0,55000.0,0,9
100000004269433100,100000008418835100,2026-07-18,6,106000.0,8000.0,45000.0,2,9
100000004269433100,100000008418835100,2026-07-10,4,123000.0,13000.0,45000.0,0,9
100000004269433100,100000008418835100,2026-07-11,4,72000.0,13000.0,23000.0,0,9
100000004269433100,100000008418835100,2026-07-23,4,82000.0,8000.0,40000.0,2,9
100000004269433100,100000008418835100,2026-07-17,3,67000.0,13000.0,36000.0,0,9
100000007594394100,100000006274203100,2026-07-14,4,243412.0,25000.0,150000.0,0,6
100000007594394100,100000006274203100,2026-07-25,4,378000.0,45000.0,168000.0,0,6
100000007594394100,100000006274203100,2026-07-30,4,375000.0,40000.0,130000.0,0,6
100000007594394100,100000006274203100,2026-07-18,3,362000.0,88000.0,164000.0,0,6
100000007594394100,100000006274203100,2026-07-29,3,144000.0,20000.0,74000.0,0,6
100000007594394100,100000006274203100,2026-07-31,3,250000.0,46000.0,110000.0,0,6
100000008637537100,100000001732159100,2026-07-04,6,389000.0,10000.0,250000.0,3,5
100000008637537100,100000001732159100,2026-07-13,5,615000.0,20000.0,318000.0,0,5
100000008637537100,100000001732159100,2026-07-02,4,140000.0,10000.0,100000.0,2,5
100000008637537100,100000001732159100,2026-07-10,4,45000.0,10000.0,15000.0,3,5
100000008637537100,100000001732159100,2026-07-03,3,534000.0,80000.0,278000.0,0,5
100000005287097100,100000003016635100,2026-07-04,3,72000.0,5000.0,46000.0,1,4
100000005287097100,100000003016635100,2026-07-08,3,56300.0,6300.0,40000.0,2,4
100000005287097100,100000003016635100,2026-07-19,3,15900.0,5000.0,5900.0,3,4
100000005287097100,100000003016635100,2026-07-23,3,56500.0,5000.0,46000.0,2,4
100000008628231100,100000005664632100,2026-07-26,8,75500.0,6000.0,10000.0,8,3
100000008628231100,100000005664632100,2026-07-29,5,81620.0,6120.0,50000.0,4,3
100000004160650100,100000004007116100,2026-07-29,4,95544.0,5544.0,30000.0,1,3
100000004160650100,100000004007116100,2026-07-20,3,78500.0,18500.0,30000.0,0,3
100000004160650100,100000004007116100,2026-07-23,3,50850.0,7500.0,30000.0,1,3
100000008628231100,100000005664632100,2026-07-24,3,22000.0,6000.0,10000.0,3,3
100000007390016100,100000008324800100,2026-07-07,7,123000.0,10000.0,25000.0,2,2
100000008324800100,100000007390016100,2026-07-17,7,100000.0,10000.0,25000.0,5,2
100000004388983100,100000005034574100,2026-07-28,6,83000.0,8000.0,20000.0,2,2
100000004388983100,100000005034574100,2026-07-31,6,109816.0,7816.0,36000.0,2,2
100000006579678100,100000008144528100,2026-07-14,5,496400.0,79000.0,122000.0,0,2
100000004388983100,100000007283257100,2026-07-29,4,132000.0,14000.0,70000.0,0,2
100000004906181100,100000008175078100,2026-07-05,4,305000.0,25000.0,120000.0,0,2
100000006579678100,100000008144528100,2026-07-15,4,528000.0,120000.0,145000.0,0,2
100000001732159100,100000008637537100,2026-07-05,3,178080.0,15000.0,100000.0,0,2
100000001732159100,100000008637537100,2026-07-08,3,30000.0,7000.0,13000.0,2,2
100000004388983100,100000007283257100,2026-07-31,3,60000.0,10000.0,30000.0,1,2
100000004906181100,100000008175078100,2026-07-07,3,1260000.0,100000.0,600000.0,0,2
100000007390016100,100000008324800100,2026-07-10,3,92500.0,7500.0,60000.0,1,2
100000008314203100,100000008637537100,2026-07-01,3,30000.0,10000.0,10000.0,3,2
100000008314203100,100000008637537100,2026-07-15,3,40000.0,10000.0,20000.0,2,2
100000008324800100,100000007390016100,2026-07-04,3,161000.0,16000.0,85000.0,0,2
100000000437046100,100000007055802100,2026-07-15,8,512000.0,20000.0,250000.0,0,1
100000007170072100,100000003345947100,2026-07-13,6,79500.0,9500.0,17000.0,3,1
100000002645993100,100000002398779100,2026-07-07,5,54150.0,8000.0,14000.0,2,1
100000001732159100,100000008314203100,2026-07-14,4,40000.0,10000.0,10000.0,4,1
100000002224132100,100000000594783100,2026-07-27,4,300000.0,10000.0,200000.0,1,1
100000002306369100,100000008165763100,2026-07-22,4,114000.0,20000.0,34000.0,0,1
100000002963189100,100000008517061100,2026-07-16,4,1844000.0,344000.0,500000.0,0,1
100000003016635100,100000004394765100,2026-07-13,4,224727.0,7050.0,184665.0,2,1
100000004351795100,100000002398779100,2026-07-09,4,64100.0,6700.0,29900.0,1,1
100000008213966100,100000000838385100,2026-07-03,4,142300.0,21000.0,72300.0,0,1
100000008762832100,100000008748914100,2026-07-29,4,85000.0,5000.0,50000.0,2,1
100000000437046100,100000004299488100,2026-07-11,3,150000.0,30000.0,70000.0,0,1
100000000838385100,100000008213966100,2026-07-24,3,55000.0,11500.0,23500.0,0,1
100000001616816100,100000004015047100,2026-07-21,3,55500.0,5500.0,44000.0,2,1
100000001937767100,100000002605308100,2026-07-26,3,1000000.0,300000.0,400000.0,0,1
100000002224132100,100000004892144100,2026-07-16,3,2700000.0,700000.0,1000000.0,0,1
100000002748532100,100000001714173100,2026-07-11,3,241510.0,47110.0,100400.0,0,1
100000002957787100,100000005314565100,2026-07-07,3,218500.0,11500.0,107000.0,0,1
100000002958343100,100000000274067100,2026-07-23,3,40000.0,5000.0,20000.0,1,1
100000002963189100,100000002605308100,2026-07-24,3,1500000.0,500000.0,500000.0,0,1
100000003016635100,100000000667713100,2026-07-20,3,35550.0,5000.0,21150.0,2,1
100000003016635100,100000001851289100,2026-07-18,3,109510.0,15510.0,47000.0,0,1
100000003265158100,100000007242833100,2026-07-11,3,107500.0,11800.0,80700.0,0,1
100000003635170100,100000004209339100,2026-07-16,3,20500.0,5000.0,8000.0,3,1
100000003880331100,100000000331309100,2026-07-14,3,320000.0,20000.0,200000.0,0,1
100000003880331100,100000001857829100,2026-07-21,3,300000.0,100000.0,100000.0,0,1
100000003880331100,100000008603629100,2026-07-23,3,298000.0,98000.0,100000.0,0,1
100000004070318100,100000006866783100,2026-07-11,3,55000.0,15000.0,20000.0,0,1
100000004299488100,100000007055802100,2026-07-08,3,70000.0,18000.0,32000.0,0,1
100000004400305100,100000002645993100,2026-07-07,3,35650.0,10500.0,13450.0,0,1
100000004722765100,100000005075949100,2026-07-23,3,687000.0,15000.0,470000.0,0,1
100000005473151100,100000008335401100,2026-07-08,3,150000.0,50000.0,50000.0,0,1
100000005910114100,100000004486525100,2026-07-01,3,65614.0,17172.0,28277.0,0,1
100000005910114100,100000006756956100,2026-07-06,3,40000.0,5000.0,30000.0,2,1
100000006443391100,100000006385877100,2026-07-30,3,30000.0,5000.0,14000.0,1,1
100000006534886100,100000004330371100,2026-07-14,3,28000.0,5000.0,16000.0,2,1
100000006866783100,100000004071080100,2026-07-09,3,56000.0,15000.0,21000.0,0,1
100000006866783100,100000004299488100,2026-07-09,3,215000.0,30000.0,135000.0,0,1
100000006866783100,100000005584222100,2026-07-16,3,136217.0,11719.0,77526.0,0,1
100000007018630100,100000002371751100,2026-07-11,3,120000.0,21000.0,50000.0,0,1
100000007170072100,100000003177533100,2026-07-13,3,20000.0,5000.0,10000.0,3,1
100000007982728100,100000001411870100,2026-07-23,3,700000.0,100000.0,420000.0,0,1
100000008304139100,100000003684369100,2026-07-25,3,102000.0,22000.0,50000.0,0,1
100000008343874100,100000008343415100,2026-07-11,3,100000.0,24000.0,50000.0,0,1
100000008579978100,100000002119762100,2026-07-18,3,50000.0,6000.0,30000.0,1,1
100000008659445100,100000008193577100,2026-07-18,3,65000.0,9000.0,37000.0,1,1
100000008748914100,100000003684369100,2026-07-24,3,504000.0,55000.0,257000.0,0,1
